epoch,accuracy,loss,precision,recall,roc_auc,val_accuracy,val_loss,val_precision,val_recall,val_roc_auc,train_eval_loss,train_eval_accuracy,train_eval_precision,train_eval_recall,train_eval_f1,train_eval_roc_auc,val_eval_loss,val_eval_accuracy,val_eval_precision,val_eval_recall,val_eval_f1,val_eval_roc_auc,learning_rate,accuracy_smooth,loss_smooth,precision_smooth,recall_smooth,roc_auc_smooth,val_accuracy_smooth,val_loss_smooth,val_precision_smooth,val_recall_smooth,val_roc_auc_smooth,train_eval_loss_smooth,train_eval_accuracy_smooth,train_eval_precision_smooth,train_eval_recall_smooth,train_eval_f1_smooth,train_eval_roc_auc_smooth,val_eval_loss_smooth,val_eval_accuracy_smooth,val_eval_precision_smooth,val_eval_recall_smooth,val_eval_f1_smooth,val_eval_roc_auc_smooth,learning_rate_smooth
1,0.6492934823036194,0.6852573752403259,0.6203737854957581,0.5833997130393982,0.7062603235244751,0.8556104898452759,0.4451669156551361,0.8729079365730286,0.7900591492652893,0.930522620677948,0.4603908360004425,0.8432777777777778,0.8741022391212505,0.7630931890828621,0.8148342632097145,0.9216710273704024,0.4451669156551361,0.8556104742875171,0.872907949790795,0.7900591715976332,0.8294198037023233,0.9304886696021036,7.999999797903001e-05,0.6492934823036194,0.6852573752403259,0.6203737854957581,0.5833997130393982,0.7062603235244751,0.8556104898452759,0.4451669156551361,0.8729079365730286,0.7900591492652893,0.930522620677948,0.4603908360004425,0.8432777777777778,0.8741022391212505,0.7630931890828621,0.8148342632097145,0.9216710273704024,0.4451669156551361,0.8556104742875171,0.872907949790795,0.7900591715976332,0.8294198037023233,0.9304886696021036,7.999999797903001e-05
2,0.792041003704071,0.5256093144416809,0.7599598169326782,0.7911770343780518,0.8697761297225952,0.8851613998413086,0.3600577712059021,0.8655775785446167,0.8778698444366455,0.9520418047904968,0.3732850253582001,0.882,0.8773229532898041,0.8589869682812884,0.8680581438688035,0.947313181535452,0.3600578308105469,0.8851614260174572,0.8655775962660444,0.8778698224852071,0.8716803760282021,0.952027556674386,7.999999797903001e-05,0.6949726891517639,0.6341699957847595,0.6650413155555726,0.6498884558677673,0.7585853815078736,0.8650667810440062,0.4179319894313812,0.8705622220039368,0.8181585717201232,0.9374087595939636,0.43251697659492494,0.8556688888888889,0.8751328676551877,0.7937791984263585,0.831865905020623,0.9298765167032184,0.41793200850486756,0.865066778841098,0.8705622366628748,0.8181585798816569,0.8429431868466045,0.937381113465234,7.999999797903001e-05
3,0.839239776134491,0.4519073665142059,0.8043866157531738,0.8527683615684509,0.9122074246406556,0.8970448970794678,0.3356394171714782,0.8710562586784363,0.9017751216888428,0.9589450359344482,0.3458729684352875,0.8957777777777778,0.8817715959004392,0.8884927464961888,0.8851194121249234,0.955889986801752,0.3356393575668335,0.8970449048270059,0.8710562414266118,0.901775147928994,0.8861495522735202,0.958931193420799,7.999999797903001e-05,0.7411381569862365,0.5758459544181824,0.709631811618805,0.714810025691986,0.8077444353103638,0.875299778175354,0.39159836630821226,0.8707203137397765,0.8449158677101134,0.9443003680229187,0.40479089398384094,0.8685037333333334,0.8772572606936682,0.8240875338087041,0.8489070272939991,0.9382008271347492,0.3915983602046966,0.8752997791565886,0.8707203181872706,0.8449158816568048,0.8567692237832176,0.9442771390510148,7.999999797903001e-05
4,0.8631890416145325,0.41120246052742,0.8295342326164246,0.8788089752197266,0.9304211139678956,0.9032495617866516,0.3270402550697326,0.8734463453292847,0.9147928953170776,0.9623118042945862,0.3354872167110443,0.9022222222222224,0.8809466889792015,0.906073272682567,0.8933333333333333,0.9598095921293202,0.327040284872055,0.9032495530550004,0.8734463276836159,0.914792899408284,0.8936416184971099,0.9623149935721996,7.999999797903001e-05,0.7801944400672912,0.5231600363731385,0.7480005863380432,0.767289689540863,0.8470009724807739,0.8842437089309692,0.37093977071189876,0.8715926438484192,0.8672765165443419,0.9500640276298524,0.382613717256546,0.8792936497777779,0.8784378777450388,0.8503229702483402,0.8631234452265861,0.9451156319330118,0.3709397760982513,0.8842437068040805,0.871592641226101,0.8672765273372782,0.8685683900916631,0.9500492524977939,7.999999797903001e-05
5,0.8745203614234924,0.3885536789894104,0.8387833833694458,0.8952897787094116,0.9388088583946228,0.9086129069328308,0.3227932751178741,0.8742194175720215,0.9278106689453124,0.963987410068512,0.3298891186714172,0.9066111111111111,0.8811577082102776,0.9170149987705926,0.898728839086692,0.961897721825548,0.3227932751178741,0.9086128930486908,0.8742194469223907,0.927810650887574,0.9002181651165461,0.964088193004224,7.999999797903001e-05,0.8103787349012757,0.48008600201034546,0.777051081388092,0.8082497180747985,0.8763794959732054,0.892041852291565,0.3555328921218109,0.872433211439972,0.8866474453126525,0.9545195100102235,0.3657418457093048,0.8880352374044445,0.8793082234939151,0.871664419375461,0.87451717126182,0.9504859006986235,0.3555328957845306,0.8920418464023557,0.8724332190489137,0.8866474468733728,0.8786963180996257,0.9545417134598515,7.999999797903001e-05
6,0.8824432492256165,0.3744233548641205,0.8455356359481812,0.9062438011169434,0.9439006447792052,0.9091387391090392,0.3194383680820465,0.8731956481933594,0.9306508898735046,0.9651365280151368,0.325486958026886,0.9092777777777776,0.8816484677703417,0.9231620358986968,0.9019278121434148,0.9632690357154196,0.3194383978843689,0.909138710695131,0.8731956473462137,0.9306508875739644,0.9010082493125572,0.9652439204654892,7.999999797903001e-05,0.8334393794850647,0.44627395492355343,0.7989661388473205,0.8396078246482849,0.8979862635911253,0.8975128560731567,0.34398264442908627,0.872677191201056,0.9007285475721252,0.9579169557717957,0.35286028165093075,0.8948328503239111,0.8800571016623717,0.8881436566628964,0.8832885763439303,0.9545765039039983,0.34398265645647885,0.8975128429760438,0.8726771961040496,0.9007285478975621,0.8858361360877638,0.9579664197016555,7.999999797903001e-05
7,0.8874317407608032,0.3678120374679565,0.8515999913215637,0.910326600074768,0.94587641954422,0.9097697138786316,0.3170136511325836,0.8736959099769592,0.9315976500511168,0.965989589691162,0.3220672607421875,0.9113333333333332,0.8834154351395731,0.9259896729776248,0.9042016806722688,0.964274069432286,0.3170136213302612,0.9097696918708592,0.8736958934517203,0.9315976331360948,0.9017182130584191,0.9660189743291124,7.999999797903001e-05,0.850716935093301,0.42116614133776237,0.8158089716390783,0.8622378327847595,0.9133111134961156,0.9014350505709087,0.3353525665742054,0.8730031812093451,0.9106066603654025,0.9605001986259929,0.3430065149601329,0.9001130048869262,0.8811317683750761,0.9002543818836095,0.8899807697289988,0.9576797248730504,0.3353525652160892,0.9014350346223847,0.8730031792553041,0.9106066551738925,0.8909184007183735,0.9605432371824417,7.999999797903001e-05
8,0.8891472220420837,0.360318511724472,0.8526800274848938,0.913264274597168,0.9481126070022584,0.910400688648224,0.3140220940113067,0.8722136616706848,0.9353846311569214,0.966439425945282,0.3180047869682312,0.9143333333333332,0.8821006260143751,0.9354561101549054,0.9079952267303104,0.9650340129408528,0.3140220642089844,0.9104006730465874,0.8722136393732068,0.9353846153846154,0.9026952946550936,0.9665791560096572,7.999999797903001e-05,0.8630146269169114,0.40169489986150947,0.8276077095097393,0.8785662941647303,0.9244475914180814,0.9043040547556496,0.32852681535407785,0.8727505349569739,0.9185356110186886,0.9624007513681654,0.33500596200272437,0.9046635099897764,0.8814418028196518,0.9115189349304241,0.8957453959694185,0.9600330970547472,0.32852680489381564,0.9043040389181296,0.872750526493033,0.9185356024413238,0.8946870067781239,0.9624747312071507,7.999999797903001e-05
9,0.8922622203826904,0.3527044057846069,0.8552601337432861,0.9176458716392516,0.9504823088645936,0.9111368060112,0.3113113641738891,0.8729038238525391,0.9363313317298888,0.9672240614891052,0.3149527311325073,0.9156666666666666,0.8836696822083043,0.9366855175805262,0.9094055860587252,0.96566748922904,0.3113113939762115,0.9111368177516036,0.8729037952338923,0.9363313609467456,0.9035057668151192,0.9671363813499724,7.999999797903001e-05,0.8723738568259607,0.38601794175690063,0.8364564852644742,0.8910717589565771,0.9327787010009654,0.9064905351574257,0.32301787097641743,0.8727995874035547,0.9242302416462727,0.9639442106068661,0.3285889281242549,0.9081845201263814,0.8821547242240206,0.9195722413784567,0.9001166567979967,0.9618361025505209,0.3230178734001823,0.9064905281448413,0.872799572490108,0.9242302451630587,0.8975090099899623,0.9639664592528536,7.999999797903001e-05
10,0.8959414958953857,0.3471325635910034,0.8577638268470764,0.9236208200454712,0.9518691301345824,0.9118729829788208,0.3090075850486755,0.8730998039245605,0.9379881620407104,0.9677432179450988,0.3123493790626526,0.917,0.8840814437760296,0.9395131546594542,0.91095482179044,0.9662563051055773,0.3090075850486755,0.91187296245662,0.8730998017184401,0.9379881656804734,0.9043815609310816,0.9677138979345934,7.999999797903001e-05,0.8799155013281768,0.37357462074381353,0.8432748345709069,0.9014874585050232,0.9388876383237228,0.9082129184602722,0.31853457947954,0.8728956566902766,0.9286327761724926,0.9651598929551006,0.32339227242454216,0.9110054736859394,0.8827712744806635,0.9259533336283758,0.9035848695955785,0.9632505673681389,0.3185345811277001,0.9082129071246106,0.8728956458431743,0.9286327797286315,0.8997082262911205,0.9651656396310103,7.999999797903001e-05
11,0.8969120979309082,0.3423635065555572,0.8582444190979004,0.925463080406189,0.9530969858169556,0.91397625207901,0.3069450855255127,0.8762977719306946,0.9389349222183228,0.9680862426757812,0.3097109198570251,0.9181666666666668,0.8848064702484113,0.9414802065404476,0.9122639823694084,0.9667738811457848,0.3069450855255127,0.9139762330423808,0.8762977689419041,0.9389349112426036,0.9065356489945156,0.96809569135808,7.999999797903001e-05,0.8853544122410508,0.3635870642035715,0.8480651016195448,0.9091596575133962,0.9434346295215572,0.9100571852182683,0.31482594141425124,0.8739843335672104,0.9319294629071584,0.9660963248657184,0.3190142396029367,0.9132970554397721,0.8834225371263428,0.9309219329602387,0.906362185683204,0.9643780277769856,0.3148259425350002,0.910057171418297,0.8739843252347679,0.9319294618131025,0.9018930015562069,0.9661032561836727,7.999999797903001e-05
12,0.8994402289390564,0.3385442793369293,0.8594030141830444,0.930392324924469,0.9538745284080504,0.9149227142333984,0.3045534193515777,0.8767092823982239,0.9408283829689026,0.9684829115867616,0.3069077730178833,0.9184444444444444,0.884340405904059,0.9428325547086304,0.9126502439604904,0.9672442297975562,0.3045534491539001,0.9149227048059732,0.876709307454786,0.940828402366864,0.9076378582029913,0.9684054575832368,7.999999797903001e-05,0.8898618735844126,0.35557337304624603,0.8516932336398647,0.9159541110849394,0.9467753971652351,0.91161415450311,0.3115387343541957,0.8748563171931347,0.9347771173269166,0.9668600326164523,0.3151401702957196,0.9149442199212673,0.883716255135212,0.9347333319197241,0.9083743643319356,0.9652952124235682,0.31153874465304815,0.9116141421023534,0.8748563195451737,0.9347771227903062,0.9037313556831779,0.9668399606315332,7.999999797903001e-05
13,0.9017877578735352,0.3332469761371612,0.863063633441925,0.9310894012451172,0.95582115650177,0.9150278568267822,0.3026532828807831,0.8780703544616699,0.9391716122627258,0.9687927961349488,0.3047619760036468,0.9191111111111112,0.8858331407441645,0.9424637324809442,0.9132713843221348,0.9677152575766812,0.3026532828807831,0.9150278683352612,0.8780703695507855,0.939171597633136,0.907593778591034,0.968797911748765,7.999999797903001e-05,0.8936781565569318,0.3484289260353389,0.8553317615765239,0.9207974039361964,0.9496700401529263,0.9127065392466851,0.3086953898827037,0.8758848091190661,0.9361833557063756,0.9674785169423712,0.3118191481222563,0.9162776251020173,0.8843936585300768,0.9372070600993145,0.9099414107287994,0.9660696268725644,0.30869539688592335,0.9127065344968839,0.8758848155469695,0.9361833547400117,0.9049673310136919,0.9674665049890474,7.999999797903001e-05
14,0.9028486013412476,0.3296713531017303,0.8647711277008057,0.931338369846344,0.9564188122749328,0.9154485464096068,0.3009294867515564,0.8778440356254578,0.9405916929244996,0.968972623348236,0.3024419546127319,0.9195555555555556,0.8851382488479262,0.9445537251044996,0.9138812894016892,0.9681464660629966,0.3009295165538788,0.9154485224524136,0.8778440468301303,0.9405917159763314,0.9081352833638026,0.9691510376306276,7.999999797903001e-05,0.8966126988879128,0.34242650269658415,0.858352358736294,0.9241705130274436,0.9518296472319684,0.91358398153882,0.30621030088073653,0.8765117616011114,0.9375940236161753,0.9679566309922479,0.3088184461992085,0.9173265628471495,0.8846319274317886,0.9395579929009737,0.9112021719041242,0.9667342154135027,0.30621031517966907,0.9135839706426534,0.876511769557581,0.937594030335634,0.9059810757657273,0.9680055554343531,7.999999797903001e-05
15,0.9026228785514832,0.3267990946769714,0.8622289896011353,0.9345250129699708,0.9572376608848572,0.916184663772583,0.2990879416465759,0.8805506229400635,0.9386982321739196,0.9692869782447816,0.300514817237854,0.9201666666666668,0.8870650791815975,0.9434472584214408,0.9143878462913316,0.9685647462074912,0.2990880012512207,0.91618466715743,0.8805506216696269,0.938698224852071,0.9086951540840876,0.9694390568378808,7.999999797903001e-05,0.8985359563802553,0.3374257321303081,0.8595928806130432,0.9274839530090524,0.9535602116008928,0.9144161998536242,0.30393114592580517,0.877804197229576,0.9379473703546535,0.9683823421130587,0.3061612849315751,0.9182353960693951,0.8854105359917275,0.9408025578675232,0.9122215877080306,0.9673199852675789,0.3039311747225656,0.9144161935273819,0.8778042022334358,0.9379473725808938,0.9068495808276026,0.9684642758834819,7.999999797903001e-05
16,0.9046092629432678,0.3233067393302917,0.8653243780136108,0.9351224899291992,0.9580821990966796,0.9171311259269714,0.2974511384963989,0.8819737434387207,0.9391716122627258,0.9695612788200378,0.2986049056053161,0.9201111111111112,0.8872310895211658,0.9430784361937546,0.9143027413587604,0.9689302600257764,0.2974511086940765,0.9171311389210222,0.881973771949322,0.939171597633136,0.9096744612563044,0.9696953401806953,7.999999797903001e-05,0.9004794144804193,0.3329076544343028,0.8614269597812249,0.9299282848234993,0.9550072475995446,0.9152849761970954,0.30185754354839517,0.8791384520165024,0.9383391277652366,0.9687596018592921,0.3037432435471722,0.9188356248827443,0.8859931131211477,0.9415308389319172,0.9128875568762642,0.967835273190202,0.30185755359344907,0.9152849760533468,0.8791384645425193,0.9383391245976113,0.9077535425647871,0.9688582164585902,7.999999797903001e-05
17,0.9051735997200012,0.3208650052547455,0.8647072315216064,0.937512457370758,0.9582496285438538,0.917551815509796,0.2954797446727752,0.8805574178695679,0.942248523235321,0.9697070717811584,0.2964120805263519,0.9214444444444444,0.8867403314917127,0.9471354806983034,0.9159434074426348,0.9692056368218316,0.2954797446727752,0.9175517930381744,0.880557398805574,0.9422485207100592,0.9103590212668649,0.9699264050454872,7.999999797903001e-05,0.9019815537570854,0.3290540066968445,0.8624766467381468,0.932355220038622,0.9560448095017235,0.9160103647771596,0.2998166479081968,0.8795925210894834,0.9395901343156636,0.9690627922342894,0.3013972713805097,0.9196704471424884,0.8862322229997286,0.9433243242971607,0.9138654290575028,0.9682737895523235,0.29981665473883345,0.9160103574884916,0.8795925235066968,0.9395901313535946,0.9085872957494521,0.9692000368063971,7.999999797903001e-05
18,0.9062570333480836,0.3180475533008575,0.8657086491584778,0.9388567805290222,0.9588689804077148,0.9178673028945924,0.2942507565021515,0.8819875717163086,0.9410650730133056,0.9699854850769044,0.2948381602764129,0.9218333333333332,0.8876339748761093,0.9468895992131792,0.916304800428291,0.9695157051876508,0.2942507863044739,0.9178672836260384,0.8819875776397516,0.9410650887573964,0.9105691056910568,0.9701490712164446,7.999999797903001e-05,0.9033497072262049,0.32553194161012866,0.8635108875126527,0.93443571939555,0.9569485441916408,0.9166045849747382,0.29803556265826225,0.8803589372900674,0.9400621146989091,0.9693580539439262,0.2992983558271987,0.9203625707235588,0.8866807836001704,0.9444652122702866,0.914646027896155,0.9686712025556283,0.2980355768398384,0.9166045738525066,0.8803589408292744,0.9400621177228111,0.9092214749307655,0.9695037278176122,7.999999797903001e-05
19,0.9065279364585876,0.3168640434741974,0.8670288920402527,0.9376120567321776,0.9591352343559264,0.9184982776641846,0.2930651009082794,0.8814683556556702,0.9434319734573364,0.9700692296028136,0.2929756939411163,0.9222222222222224,0.8871895124195032,0.9484878288664864,0.916815210932858,0.969797742416191,0.2930651009082794,0.9184982648017668,0.8814683768244139,0.9434319526627218,0.9113981936664,0.9702815466138708,7.999999797903001e-05,0.9043667405805673,0.32275821420663064,0.8646366489614847,0.9354521473432709,0.9576482850442122,0.9172105666353609,0.29644501489826774,0.8807139511670603,0.9411404695016059,0.9695856301547701,0.2972751040236523,0.9209576592031311,0.8868435768223569,0.9457524495810705,0.9153401664679,0.9690316953110083,0.2964450245417395,0.9172105549562699,0.880713960347719,0.9411404649035826,0.9099180249261685,0.9697526298324148,7.999999797903001e-05
20,0.9082434177398682,0.3156918585300445,0.8672566413879395,0.9417446851730348,0.95917147397995,0.9182879328727722,0.2909974455833435,0.8826009631156921,0.9413017630577089,0.9704269170761108,0.2906801998615265,0.9222222222222224,0.8884402399630826,0.9467666584706173,0.9166765861207,0.9701638232123588,0.2909973859786987,0.9182879377431906,0.88260097647581,0.941301775147929,0.911006757530638,0.9705490730081656,7.999999797903001e-05,0.9056072772715436,0.3204969803901231,0.8654750465379503,0.9374657594487953,0.9581357055036482,0.9175553238313325,0.294701792717492,0.8813177949906226,0.9411920834395588,0.9698548419695991,0.29516473469177207,0.9213623193692403,0.8873545090273891,0.9460769964257254,0.915767820756796,0.9693939762394405,0.29470178020156645,0.9175553174480846,0.8813178055087081,0.9411920841817735,0.9102664193595987,0.970007491648655,7.999999797903001e-05
21,0.9085820317268372,0.310163140296936,0.867516279220581,0.9422425627708436,0.9609372615814208,0.9184982776641846,0.2898249328136444,0.8828229308128357,0.9415384531021118,0.970590889453888,0.289438396692276,0.9223888888888888,0.888299711815562,0.9473813621834276,0.9168897614373251,0.9704481781966372,0.2898249924182892,0.9184982648017668,0.8828229027962716,0.9415384615384615,0.9112358263658228,0.9707849083310564,7.999999797903001e-05,0.9065591986972374,0.3171901515603032,0.8661282409963921,0.9389943365118507,0.9590322034485355,0.9178570690578451,0.29314119754826073,0.8817994384537307,0.9413029217315758,0.9700903771645716,0.2933323065319333,0.9216908216155278,0.8876569739196045,0.9464943934681902,0.9161268417745653,0.9697313208657434,0.2931412081109177,0.9178570606012628,0.8817994366407285,0.9413029249359136,0.9105766296015905,0.9702562649870234,7.999999797903001e-05
22,0.9093043208122252,0.3080790042877197,0.8677103519439697,0.9438359141349792,0.9612613916397096,0.9192343950271606,0.288773238658905,0.886256992816925,0.9386982321739196,0.9708691239356996,0.2884140312671661,0.9221666666666668,0.889957141202363,0.9445537251044996,0.9164430130613704,0.970767835342246,0.288773238658905,0.919234409506783,0.8862569832402235,0.938698224852071,0.9117241379310344,0.9710970485870036,7.999999797903001e-05,0.9074376377740335,0.3142745844330765,0.8666345164996169,0.9405436413512518,0.9597455436697111,0.9182978133680262,0.2917434507036669,0.8832258558499528,0.9404694210731259,0.9703395761313326,0.2917584584472078,0.9218430920318923,0.8883930274500873,0.9458733795918092,0.916228016586343,0.9700630054982242,0.29174345788627365,0.9182978122510292,0.8832258515525668,0.940469420909084,0.9109438322670125,0.9705253157390171,7.999999797903001e-05
23,0.9093043208122252,0.3081336319446563,0.8687907457351685,0.9422425627708436,0.9608454704284668,0.919444739818573,0.2871348559856415,0.8857907652854919,0.9398816823959352,0.9710770845413208,0.2863396406173706,0.9225555555555556,0.8898658028690422,0.9456601917875584,0.9169150077482418,0.9709996919129414,0.2871348857879638,0.9194447365653592,0.8857907651126478,0.9398816568047336,0.9120349104271934,0.9712396920030998,7.999999797903001e-05,0.9080349763462549,0.312309479636782,0.8673245098549933,0.9410872962055212,0.9600975202325128,0.9186648298322012,0.2902687003938988,0.8840466268693253,0.9402813446964249,0.9705755788225288,0.2900244367416599,0.9220710803594645,0.8888643155841529,0.945805159494449,0.9164478537581506,0.9703627451509338,0.2902687148148145,0.9186648280316148,0.8840466238917928,0.9402813363956919,0.9112929772782703,0.9707539161435235,7.999999797903001e-05
24,0.9103201031684875,0.3051603436470032,0.8693320155143738,0.9440848231315612,0.9615250825881958,0.9196550846099854,0.2858100235462188,0.8849833011627197,0.9415384531021118,0.971329391002655,0.2845769226551056,0.923,0.8888888888888888,0.9481190066388,0.9175490779298036,0.9712512867905716,0.2858099937438965,0.9196550636239352,0.8849833147942158,0.9415384615384615,0.9123853211009174,0.9714868823600556,7.999999797903001e-05,0.9087662169293693,0.3100217561200528,0.867966911665995,0.942046504821854,0.9605543401863315,0.9189817113610921,0.2888419238026412,0.8843463626432115,0.9406836193862447,0.9708167987201691,0.2882812322339625,0.9223683346444359,0.8888721790416684,0.9465455905806412,0.9168002454930796,0.9706470784756178,0.2888419240721207,0.9189817034211573,0.8843463649805682,0.9406836164413782,0.9116425273015174,0.9709884653328138,7.999999797903001e-05
25,0.9100040793418884,0.3031933903694153,0.8676624894142151,0.9457279443740844,0.9620551466941832,0.9200757145881652,0.2843386530876159,0.8864599466323853,0.9405916929244996,0.9716203212738036,0.2830705046653747,0.9227777777777778,0.8894663894663895,0.9467666584706173,0.9172224868985231,0.9715001028535262,0.2843386232852936,0.9200757177410874,0.8864599598483158,0.9405917159763314,0.9127239320165366,0.9716825383316386,7.999999797903001e-05,0.9091623329013755,0.3078366790798488,0.8678694965454254,0.9432245654785677,0.961034598268844,0.9193317923937555,0.2874008771738331,0.8850227095197472,0.9406542029184862,0.9710739259373322,0.2866137994120144,0.9224993564471053,0.8890623263775791,0.9466163323054335,0.9169353627428215,0.9709200462765486,0.287400867820336,0.919331788003535,0.8850227153382474,0.9406542082925633,0.9119885768103235,0.9712105686924377,7.999999797903001e-05
26,0.9113584160804749,0.3002556264400482,0.8701488971710205,0.9455785751342772,0.9629806876182556,0.92091703414917,0.2831291258335113,0.887006938457489,0.942011833190918,0.9717332720756532,0.2813592255115509,0.9232222222222224,0.8895684283406415,0.9477501844111138,0.9177380952380952,0.9717480840259726,0.2831290960311889,0.9209170259753916,0.8870069088477824,0.9420118343195266,0.9136822773186408,0.9718316319446,7.999999797903001e-05,0.9098650795186873,0.3054107422351126,0.868598904745616,0.9439778485683947,0.9616573468606557,0.9198390697554881,0.2860339167449301,0.8856576627798245,0.9410886446056644,0.9712849167015949,0.2849323357638661,0.9227306734951428,0.8892242790057591,0.9469791649792512,0.9171922371413092,0.9711850183563643,0.28603390084780894,0.9198390641545291,0.8856576572612986,0.9410886486211916,0.912530560972985,0.9714093089331296,7.999999797903001e-05
27,0.9114487171173096,0.3005504012107849,0.8693943023681641,0.9469228982925416,0.962317943572998,0.9211273789405824,0.2819019556045532,0.886884868144989,0.9427219033241272,0.971764087677002,0.2799097895622253,0.9235555555555556,0.8894651913324112,0.9487337103516104,0.9181439619274242,0.9719520153783342,0.2819019258022308,0.921127353033968,0.8868848808728568,0.9427218934911242,0.9139513538320332,0.9720054961052456,7.999999797903001e-05,0.9103718435502465,0.30385543310732777,0.8688534319848313,0.9449202644801217,0.9618687378086053,0.9202513286947183,0.2847116891800095,0.8860503684966772,0.9416112873955724,0.9714382514137251,0.28332512097934104,0.9229946357544749,0.8893013709502877,0.9475406194984062,0.917496789072866,0.9714304574033947,0.28471166883322396,0.9202513165959495,0.8860503688169972,0.94161128697957,0.9129852146878803,0.9716000888282066,7.999999797903001e-05
28,0.9120129942893982,0.2970655858516693,0.8696446418762207,0.9480183124542236,0.9632608890533448,0.9211273789405824,0.2808376252651214,0.8870572447776794,0.942485213279724,0.9719700813293456,0.2784031629562378,0.9238333333333332,0.8896186196566425,0.9492254733218588,0.9184559567001724,0.9721696538882894,0.2808376550674438,0.921127353033968,0.8870572510581421,0.9424852071005916,0.9139316043148956,0.9721241080587146,7.999999797903001e-05,0.910897011786775,0.30168268198551706,0.8691066191500759,0.9459116398318343,0.962314226206922,0.9205316647733948,0.2834719887272453,0.886372568906598,0.941890943678501,0.9716084369867236,0.281750094411948,0.9232630189797095,0.8894028905363213,0.948079772721911,0.917803722713604,0.971667000278561,0.2834719844281743,0.9205316482561154,0.8863725711341635,0.9418909414182969,0.9132880593685252,0.9717677749819691,7.999999797903001e-05
29,0.912780463695526,0.2952066659927368,0.8700155019760132,0.9494622349739076,0.9637290835380554,0.92133766412735,0.2802550494670868,0.8884916305541992,0.9410650730133056,0.9720175862312316,0.2774417996406555,0.9234444444444444,0.8901593901593902,0.9475043029259896,0.91793711291091,0.972372987110138,0.2802550494670868,0.921337680092544,0.8884916201117319,0.9410650887573964,0.9140229885057471,0.9722323056318284,7.999999797903001e-05,0.9114997163975753,0.2996103568678274,0.8693974616543758,0.9470478302772978,0.9627669805528847,0.9207895845666605,0.2824425681639946,0.8870506686338304,0.9416266650656385,0.9717393647449661,0.28037144008513437,0.9233210751284247,0.8896449704157033,0.9478956223872163,0.9178464075767419,0.9718929160646657,0.2824425652406263,0.9207895784437726,0.8870506668069853,0.9416266685668087,0.9135232366924362,0.9719164247899241,7.999999797903001e-05
30,0.9140444993972778,0.2945373654365539,0.8722440600395203,0.9494622349739076,0.9633365273475648,0.921968638896942,0.2784281075000763,0.8888144493103027,0.942248523235321,0.9722227454185486,0.2756588459014892,0.9236666666666666,0.8900300023078699,0.948241947381362,0.9182142857142858,0.9726033919682338,0.2784281075000763,0.921968661268272,0.8888144675150703,0.9422485207100592,0.9147518382352942,0.9724342326281418,7.999999797903001e-05,0.9123140469574801,0.2979869996098199,0.870308373137622,0.9478204397802128,0.9629492355271824,0.9211668819523506,0.2811579407515407,0.8876150784503016,0.941825659679937,0.9718940465605125,0.27886340994636793,0.923431664420662,0.8897681806211966,0.9480064463853429,0.9179641285807558,0.9721202683538075,0.2811579387636503,0.9211668849476125,0.8876150830335725,0.9418256612526488,0.9139163891861508,0.9720821232981538,7.999999797903001e-05
31,0.9119452834129332,0.2936450242996216,0.869458019733429,0.9481179118156432,0.9635828137397766,0.9223893284797668,0.2772771418094635,0.8885669708251953,0.9436686635017396,0.9724081158638,0.2741306126117706,0.9241111111111112,0.8892339544513458,0.9504548807474796,0.9188257665795104,0.9727977033881752,0.2772771418094635,0.9223893153854243,0.8885669712502786,0.9436686390532544,0.9152892561983472,0.9726174137398153,7.999999797903001e-05,0.9121960426232252,0.29659756751055644,0.8700362600482803,0.9479156308315506,0.9631519805552125,0.9215580648411239,0.27991608509007604,0.8879196840102677,0.9424154209029139,0.9720585487375646,0.2773489147992968,0.9236490873616058,0.8895972282468443,0.9487899453812267,0.9182398527403572,0.9723370475648051,0.27991608373831056,0.9215580626877122,0.8879196872629185,0.9424154141488426,0.9143557066300536,0.9722534162394854,7.999999797903001e-05
32,0.9137736558914183,0.2894474864006042,0.8710869550704956,0.95045804977417,0.9648544192314148,0.9225996136665344,0.2764277458190918,0.8898323774337769,0.942485213279724,0.9726060628890992,0.2731359004974365,0.9242222222222222,0.8898871227827689,0.9498401770346692,0.9188867745004756,0.972979597369442,0.2764277458190918,0.9225996424440004,0.8898324022346369,0.9424852071005916,0.9154022988505748,0.9727273134482124,7.999999797903001e-05,0.9127008788690469,0.2943095415553717,0.8703724824553891,0.9487292048931888,0.9636967609315972,0.9218913604652552,0.2787998165233611,0.8885317459057906,0.942437754463493,0.9722337532660557,0.27600075022270154,0.923832490517003,0.8896899944983403,0.9491260195103283,0.9184468677035951,0.9725426635022889,0.27879981560416056,0.9218913682097245,0.8885317560538684,0.9424377478934023,0.9146906161406203,0.972405063346278,7.999999797903001e-05
33,0.9126450419425964,0.2888165116310119,0.8698786497116089,0.9493128657341005,0.9651249051094056,0.9225996136665344,0.2749925851821899,0.8901811838150024,0.942011833190918,0.9726961851119996,0.2715627253055572,0.9244444444444444,0.8902073732718894,0.9499631177772314,0.9191150231949566,0.97318702404699,0.2749926149845123,0.9225996424440004,0.8901811675240439,0.9420118343195266,0.9153633854645814,0.972913249331464,7.999999797903001e-05,0.9126830110525828,0.29255177197957655,0.8702144559773795,0.9489159763622805,0.9641537670684959,0.9221180014896646,0.27758150249418634,0.8890595660367384,0.942301459656269,0.9723817314567578,0.27458058224921533,0.9240283157737843,0.889855555705876,0.9493938909557372,0.9186606774608308,0.9727488588765932,0.2775815114058731,0.9221180159646929,0.8890595677243245,0.942301455549762,0.9149059023242878,0.9725676828615375,7.999999797903001e-05
34,0.9149473905563354,0.2864668369293213,0.8727496862411499,0.9510555863380432,0.9651716947555542,0.9230203032493592,0.2744221687316894,0.890803337097168,0.942248523235321,0.9728556275367736,0.2710327506065368,0.9245,0.8904899135446686,0.9497172362921072,0.9191504551133322,0.973363391551536,0.2744221985340118,0.9230202965611526,0.8908033117028418,0.9422485207100592,0.9158040027605244,0.9730755120963588,7.999999797903001e-05,0.9134076124937835,0.2906045927634949,0.871025729661786,0.9496006515545246,0.9644795039283545,0.9224067380527669,0.2765705156901873,0.8896175727760758,0.9422845200015657,0.9725333782023629,0.2734452761235582,0.9241792547261733,0.8900585502142897,0.9494973614633757,0.9188174063096312,0.972945509332575,0.2765705312868775,0.92240674575556,0.8896175657974501,0.9422845164010571,0.9151932944638834,0.9727301882166803,7.999999797903001e-05
35,0.913547933101654,0.2873120009899139,0.8715709447860718,0.9491634964942932,0.96513032913208,0.9230203032493592,0.2732036709785461,0.8922075033187866,0.9403550028800964,0.9729450941085817,0.2697957754135132,0.9238333333333332,0.891060483404649,0.9472584214408656,0.9183004588522734,0.9735498088948088,0.2732037007808685,0.9230202965611526,0.8922075005614193,0.9403550295857988,0.915648766997004,0.9732414030969904,7.999999797903001e-05,0.9134525150883022,0.289550963395949,0.8712001985015575,0.9494607619352505,0.9646877679935466,0.9226030789156764,0.2754931253824621,0.8904463505497432,0.9416670745226956,0.972665127292353,0.2722774358963438,0.9240685598804645,0.8903791688352047,0.9487809006561725,0.9186519831232767,0.9731388851924898,0.2754931455249546,0.9226030820133496,0.8904463449219202,0.9416670806201746,0.915339045674482,0.9728937769783795,7.999999797903001e-05
36,0.9150828123092652,0.284123420715332,0.872580349445343,0.9516530632972716,0.9656455516815186,0.9237564206123352,0.2725322842597961,0.893081784248352,0.9410650730133056,0.9731202721595764,0.2687156498432159,0.9237777777777778,0.8910478834142956,0.9471354806983034,0.9182359952324196,0.973774207525668,0.2725323140621185,0.9237564412661688,0.8930817610062893,0.9410650887573964,0.9164457761899274,0.973425995189228,7.999999797903001e-05,0.9139742101990104,0.28781414973815156,0.8716418468035689,0.9501622983710973,0.9649942587736977,0.9229721482586072,0.27454565622320903,0.891289689333298,0.9414744340396908,0.9728107736498646,0.27113766435934283,0.9239755096076048,0.8905931575005137,0.9482543662696543,0.9185188669982025,0.9733421883391069,0.27454567945684705,0.9229721569742517,0.8912896780689183,0.9414744432240856,0.9156931994394244,0.9730640868058511,7.999999797903001e-05
37,0.9150828123092652,0.2836414873600006,0.8719689846038818,0.9525492787361144,0.9653052091598512,0.9242822527885436,0.2705727219581604,0.8921458721160889,0.9436686635017396,0.97325336933136,0.2664974927902221,0.9245555555555556,0.889604415823367,0.95106958446029,0.9193107546048722,0.9739639457393942,0.2705727219581604,0.9242822589126092,0.8921458939360036,0.9436686390532544,0.917184265010352,0.9735389856169568,7.999999797903001e-05,0.9143289628742919,0.28647889777714325,0.871746530899669,0.9509261320879028,0.9650937628972669,0.9233913817081868,0.27327431725839346,0.891563667823791,0.9421765874675463,0.9729524042679432,0.2696528094572242,0.9241611243109491,0.8902767601638267,0.9491552360906577,0.9187722710323367,0.9735411507071988,0.27327433305726734,0.923391389594526,0.8915636671463857,0.9421765858894195,0.9161703404221213,0.9732160544254049,7.999999797903001e-05
38,0.9149925708770752,0.2820251882076263,0.8710997700691223,0.9535949230194092,0.9658705592155457,0.9245977401733398,0.2699020802974701,0.892569363117218,0.9439053535461426,0.9733614325523376,0.2655359804630279,0.9246666666666666,0.8898987574781408,0.950946643717728,0.9194104362296446,0.9740878210608832,0.2699020802974701,0.9245977495004732,0.8925693822739481,0.943905325443787,0.9175198435522834,0.9736103409197804,7.999999797903001e-05,0.9145413174351825,0.2850537107148978,0.871539567433894,0.9517801451859849,0.9653423377191162,0.9237774164170358,0.272195201430898,0.8918854903176877,0.9427297926126971,0.9730832933189495,0.2683354241790814,0.9243228978647788,0.8901557993044072,0.9497284865313201,0.9189764838954753,0.9737160852203778,0.27219521217413223,0.9237774247644291,0.8918854959872057,0.9427297825468172,0.9166021814237731,0.9733422261036051,7.999999797903001e-05
39,0.9149022698402404,0.2814981937408447,0.8706042766571045,0.954092800617218,0.965839147567749,0.9251235723495485,0.2685945630073547,0.8932169079780579,0.944378674030304,0.973602056503296,0.2637895047664642,0.9247777777777778,0.8904630269523152,0.9504548807474796,0.9194814462416746,0.9743287430471688,0.2685945332050323,0.9251235671469136,0.8932169241101411,0.944378698224852,0.9180855959502991,0.9737956049075248,7.999999797903001e-05,0.914656822204801,0.28391594528320085,0.8712402743853214,0.9525201949239794,0.9655013168706786,0.9242081863154399,0.27104299713536417,0.8923115439690061,0.9432574346663314,0.9732492975379403,0.2668807299670439,0.9244684594369386,0.8902541121517378,0.9499609326804912,0.919138071846259,0.9739121357249508,0.2710429949040203,0.9242081903268241,0.8923115529865451,0.9432574355637883,0.9170768740722615,0.9734873073208594,7.999999797903001e-05
40,0.915534257888794,0.2794088721275329,0.8722551465034485,0.9532961845397948,0.9662097692489624,0.9247029423713684,0.2678694128990173,0.8936504125595093,0.9427219033241272,0.9737361669540404,0.263134092092514,0.9247777777777778,0.8910936778957084,0.9495942955495452,0.919414355433877,0.974430338007042,0.2678694427013397,0.9247029130297612,0.8936504375140228,0.9427218934911242,0.917530522920986,0.9738409354577175,7.999999797903001e-05,0.9149376016236788,0.2824736818733871,0.871565033463122,0.9527685116010405,0.9657280216317294,0.924366508253337,0.2700274501797332,0.8927399819179671,0.943086064636826,0.9734050957510924,0.2656818058471943,0.9245674413060072,0.8905227731898084,0.9498436087985885,0.9192264825942967,0.97407796045522,0.2700274581991625,0.9243665015917639,0.8927399960353379,0.9430860621005358,0.9172220417038532,0.973600468324654,7.999999797903001e-05
41,0.9160082936286926,0.2771174609661102,0.8725467920303345,0.954092800617218,0.9668258428573608,0.9243873953819276,0.2672075927257538,0.8932256698608398,0.942485213279724,0.9737623333930968,0.2622531652450561,0.9248888888888888,0.8912090447623443,0.9497172362921072,0.919533388882276,0.9745715778049916,0.2672075927257538,0.9243874224418972,0.8932256617317182,0.9424852071005916,0.9171945180237244,0.9739112605207636,7.999999797903001e-05,0.9152802230652832,0.2807596911830585,0.87187919620463,0.9531922840862173,0.9660793244239315,0.924373192134486,0.26912509579445976,0.8928954020596864,0.9428937922025533,0.9735194117965338,0.26458464085451006,0.9246703045325293,0.8907423800930199,0.9498031695965146,0.9193246926064501,0.9742359180071469,0.26912510124767175,0.9243731962638067,0.8928954090581795,0.9428937885005536,0.917213234126212,0.973699921827409,7.999999797903001e-05
42,0.9167306423187256,0.2765543758869171,0.8728678822517395,0.9554869532585144,0.9665533304214478,0.924492597579956,0.266490489244461,0.8941335082054138,0.9415384531021118,0.9738722443580629,0.2618346810340881,0.9241666666666668,0.891497975708502,0.9475043029259896,0.918648310387985,0.97470895467671,0.2664905190467834,0.9244925859711852,0.8941335131490222,0.9415384615384615,0.9172238874798248,0.9741066253376276,7.999999797903001e-05,0.9157443572263848,0.2794139902882932,0.8721955757397051,0.9539265782213524,0.9662310063431367,0.9244114018770364,0.26828202169846016,0.8932915960263191,0.942460083690412,0.973632318216223,0.26370465371197505,0.9245091404154533,0.8909841706899742,0.9490675322619466,0.9191082502965413,0.9743872897414072,0.2682820349433875,0.9244114009701678,0.8932916023672492,0.9424600838726841,0.917216643199368,0.973830066950679,7.999999797903001e-05
43,0.9165500402450562,0.2751660346984863,0.8736717104911804,0.9538438320159912,0.9670360684394836,0.9243873953819276,0.2644140720367431,0.8926971554756165,0.9431952834129332,0.9739593863487244,0.25943523645401,0.9246111111111112,0.8902453069215709,0.9503319400049176,0.9193078432538504,0.9748691041216128,0.2644141018390655,0.9243874224418972,0.8926971326164874,0.9431952662721892,0.9172516975486248,0.9741997052618376,7.999999797903001e-05,0.9160021757923597,0.27805464449955497,0.8726679388601772,0.9539000994356368,0.9664886262139678,0.9244037197986017,0.2670442778067107,0.8931013750500943,0.9426953476016189,0.9737369800186234,0.2623384401894262,0.9245417710380639,0.8907477342840852,0.9494721427396974,0.9191721200428802,0.974541470343073,0.26704429635000443,0.9244037278411212,0.8931013720470055,0.9426953422405258,0.9172278605911302,0.9739483512102498,7.999999797903001e-05
44,0.9168208837509156,0.2738058567047119,0.8730946183204651,0.9553873538970948,0.96737140417099,0.9240719079971312,0.2642394006252289,0.8936839699745178,0.9410650730133056,0.9741048812866212,0.2590315341949463,0.925,0.8921387283236994,0.9487337103516104,0.9195662535748332,0.9750028548270951,0.2642394006252289,0.924071931854033,0.8936839739267252,0.9410650887573964,0.9167627392206594,0.9742960550775144,7.999999797903001e-05,0.9162641623390975,0.2766950324052052,0.8728044762874694,0.9543760208633034,0.966771115160215,0.9242975400221312,0.2661467171086365,0.8932878054259099,0.9421736597333586,0.9738547084243827,0.2612802302711926,0.9246884043058834,0.8911928523767617,0.9492358443755096,0.9192982427731052,0.9746891133779602,0.26614672971807624,0.9242975531252531,0.8932878046485158,0.9421736611259244,0.9170790217525795,0.9740596164477745,7.999999797903001e-05
45,0.9157148599624634,0.274044781923294,0.872064471244812,0.9540430307388306,0.9670442938804626,0.924913227558136,0.2627778947353363,0.8936981558799744,0.9431952834129332,0.9742625951766968,0.257462590932846,0.9249444444444443,0.8909510086455331,0.9502089992623556,0.9196263906240704,0.975171484018127,0.2627778947353363,0.9249132400883374,0.8936981385960978,0.9431952662721892,0.9177798249654536,0.9744479930481212,7.999999797903001e-05,0.9160883855785745,0.27584695225099365,0.872567674673819,0.9542694640234721,0.9668585323506943,0.9244945600336527,0.2650686939491805,0.8934191175712105,0.9425005793108225,0.9739852321851232,0.26005858568292173,0.9247703371502229,0.8911154623827686,0.9495472539393003,0.9194032500854141,0.9748434719828136,0.2650687025235995,0.9244945729534401,0.893419111511742,0.9425005747727291,0.9173032787806992,0.9741838969598855,7.999999797903001e-05
46,0.9171143770217896,0.2713063657283783,0.8728305101394653,0.9565325379371644,0.9675887823104858,0.9248080849647522,0.2628278136253357,0.8943819999694824,0.942011833190918,0.974399209022522,0.2572339177131653,0.9251111111111112,0.8918918918918919,0.9493484140644208,0.919723677941877,0.975326212905254,0.2628278136253357,0.9248080765590492,0.8943820224719101,0.9420118343195266,0.9175792507204612,0.9745372431679424,7.999999797903001e-05,0.9164167028404033,0.27439396456375675,0.8726517820228259,0.9549936476758536,0.9670922123378276,0.9245948880116046,0.26435161224555015,0.8937272399386575,0.9423441805524531,0.9741177047730909,0.25915469193259966,0.9248793848177073,0.891363919825688,0.9494836251793388,0.9195057869994823,0.9749979490779945,0.2643516180761551,0.924594894107235,0.8937272430189958,0.9423441778277042,0.917391589801423,0.9742969677464638,7.999999797903001e-05
47,0.9163920283317566,0.2707080841064453,0.8723065853118896,0.955437183380127,0.9678123593330384,0.9248080849647522,0.2621127367019653,0.8945593237876892,0.9417751431465148,0.974510669708252,0.2561269700527191,0.9251111111111112,0.8919824399260629,0.9492254733218588,0.9197141155449672,0.9755132346095662,0.2621127068996429,0.9248080765590492,0.8945593525179856,0.941775147928994,0.9175602444367578,0.9746642762117635,7.999999797903001e-05,0.9164088069976364,0.2732144828174171,0.8725413190753264,0.955135579101221,0.9673226593762951,0.9246631110366119,0.26363517207160303,0.8939935067703476,0.9421620885825528,0.9742434535523425,0.25818582093103787,0.9249535372315965,0.8915618462578079,0.9494010165849451,0.9195724521340374,0.9751628404480974,0.26363516649967117,0.9246631124918157,0.8939935180586724,0.9421620882601169,0.9174455592847301,0.9744145064553598,7.999999797903001e-05
48,0.917362630367279,0.2691640257835388,0.8736405968666077,0.955984890460968,0.9683612585067748,0.9248080849647522,0.2605974078178406,0.8936743140220642,0.9429585933685304,0.974494993686676,0.2546104192733764,0.9253888888888888,0.8913218854442779,0.950823702975166,0.9201118315388732,0.9756322999648448,0.2605974376201629,0.9248080765590492,0.8936742934051144,0.9429585798816568,0.917655188298975,0.974714108461852,7.999999797903001e-05,0.916714030475922,0.27191833656657605,0.8728930879685364,0.9554073587363401,0.9676550110980486,0.9247095026936167,0.262663087510399,0.893891365090897,0.9424169701140657,0.9743239463953293,0.2570416924005862,0.92509284976193,0.8914850587974783,0.9498562762298158,0.9197450535435848,0.9753130674934567,0.2626630932582285,0.9247095009933304,0.8938913661695339,0.9424169655790097,0.9175126405692885,0.9745103790974372,7.999999797903001e-05
49,0.9170691967010498,0.2682598233222961,0.8739404082298279,0.9547898769378662,0.9680634140968324,0.9251235723495485,0.2603130340576172,0.8946304321289062,0.942485213279724,0.9746401906013488,0.2539934515953064,0.9254444444444444,0.8916955017301038,0.9504548807474796,0.9201380623661032,0.9757912406876684,0.2603130340576172,0.9251235671469136,0.8946304201303078,0.9424852071005916,0.9179345320424158,0.9748080394537042,7.999999797903001e-05,0.916827683667963,0.2707476123284065,0.8732282304521497,0.9552097645608284,0.9677857000576595,0.9248420049835149,0.2619110704055088,0.8941278665430599,0.9424388079270762,0.9744251445412555,0.2560662553428967,0.9252053600603345,0.8915524005359184,0.9500478296754682,0.9198708163667906,0.9754660829156044,0.2619110743140329,0.924842002162477,0.8941278634369816,0.9424388028659159,0.9176476458406893,0.9746056304114427,7.999999797903001e-05
50,0.917340099811554,0.2677526473999023,0.8738049864768982,0.955686092376709,0.9681488275527954,0.925228714942932,0.2591586112976074,0.8941228985786438,0.9434319734573364,0.974666178226471,0.2526472508907318,0.9255,0.891346929369743,0.95106958446029,0.920240290251591,0.9759101565103192,0.2591586112976074,0.9252287306762016,0.8941229250785105,0.9434319526627218,0.9181158585742256,0.9748580732724448,7.999999797903001e-05,0.916991656833912,0.26978922355128515,0.8734127923800692,0.9553621894619102,0.9679019008561031,0.9249657521705283,0.26103028349098034,0.8941262767944467,0.9427566208967595,0.9745022753205245,0.2549721739182039,0.9252996448410273,0.8914866497627423,0.9503747912066112,0.9199890480099266,0.9756081864659132,0.2610302861487767,0.9249657552868689,0.8941262831622708,0.9427566108008938,0.9177974739154209,0.9746864121269634,7.999999797903001e-05
51,0.9176335334777832,0.2666702568531036,0.8739476799964905,0.95623379945755,0.9685509204864502,0.9253339171409608,0.2586692273616791,0.8946777582168579,0.9429585933685304,0.9746463298797609,0.2520141303539276,0.9256666666666666,0.8918357933579336,0.950823702975166,0.9203855765797928,0.9759711720531892,0.2586692571640014,0.9253338942054896,0.89467774534022,0.9429585798816568,0.9181839133440886,0.9748767295710172,7.999999797903001e-05,0.9171970573599508,0.26879115420786703,0.873583956417324,0.955641104660515,0.9681095871378143,0.9250835649610667,0.26027474552960395,0.8943027508496183,0.9428212520877262,0.9745483727794801,0.2540255999776355,0.925417091825232,0.8915983757132034,0.9505184429725487,0.9201159371522838,0.9757243418538415,0.26027475687364865,0.9250835597408276,0.8943027510592145,0.9428212409067379,0.9179211345325945,0.9747473137090606,7.999999797903001e-05
52,0.9178817868232728,0.2654480636119842,0.8738406896591187,0.957030475139618,0.9686464071273804,0.925228714942932,0.2580219507217407,0.8948314785957336,0.942485213279724,0.9747225642204284,0.2509496510028839,0.9255,0.8916176640147584,0.950700762232604,0.9202118165050276,0.9761145925353012,0.2580219507217407,0.9252287306762016,0.8948314606741573,0.9424852071005916,0.9180403458213257,0.9749175136282806,7.999999797903001e-05,0.9174161707882138,0.26772136521718454,0.8736661110546983,0.9560857032138279,0.9682813695344754,0.9251300129552635,0.2595538511910877,0.8944719437283752,0.9427137196691655,0.9746041140405837,0.25304129630571504,0.9254436224411577,0.891604547969701,0.9505767851357665,0.9201466185451618,0.9758492220719086,0.2595538589050381,0.9251300144401473,0.8944719381359962,0.942713710088771,0.9179592821449885,0.974801777683211,7.999999797903001e-05
53,0.9178366661071776,0.2642235457897186,0.8749201893806458,0.9553375840187072,0.969054877758026,0.9248080849647522,0.2573786079883575,0.8949145078659058,0.9413017630577089,0.9747608304023744,0.2500143349170685,0.9253333333333332,0.8920323325635104,0.9497172362921072,0.9199714183637012,0.9762518447964964,0.2573786079883575,0.9248080765590492,0.8949144914491449,0.941301775147929,0.9175222055600416,0.9749990369497736,7.999999797903001e-05,0.9175507292902823,0.26660206300039546,0.8740674161190014,0.9558463050713892,0.9685288921660116,0.9250269959983,0.258857773366214,0.8946135642523849,0.9422618935534993,0.9746542632763566,0.25207266866134814,0.9254083299266538,0.89174143903972,0.9503017295057956,0.9200905544870943,0.9759780613437767,0.25885777861170034,0.9250269943181959,0.8946135551962038,0.9422618909077015,0.9178194176378054,0.9748649006485111,7.999999797903001e-05
54,0.9175883531570436,0.2635346949100494,0.8734942674636841,0.9567815065383912,0.9688125252723694,0.9250184297561646,0.2566500008106231,0.8946067690849304,0.942248523235321,0.9749416708946228,0.2491277158260345,0.9253333333333332,0.8910389311218613,0.95106958446029,0.9200761179828736,0.9763528167037516,0.2566500306129455,0.9250184036176254,0.8946067415730337,0.9422485207100592,0.9178097982708934,0.975093527854548,7.999999797903001e-05,0.917562768927646,0.2656205052114847,0.8738840085492998,0.9561455695408299,0.9686196547600461,0.9250242548008166,0.2581512861484249,0.8946113897987995,0.9422576150516824,0.9747462337142019,0.2511302837540478,0.9253843310167913,0.8915166365060052,0.9505474430912338,0.9200859348057436,0.9760979830589687,0.2581512992520988,0.9250242452940134,0.8946113748367893,0.9422576124444559,0.9178163394403935,0.9749380613544428,7.999999797903001e-05
55,0.9182204008102416,0.2609392404556274,0.8737908005714417,0.9579765200614928,0.9696865677833556,0.9250184297561646,0.2565191090106964,0.894784152507782,0.942011833190918,0.9748522639274596,0.2485630214214325,0.925,0.8913244116289801,0.9498401770346692,0.9196524223306748,0.9764606048066466,0.2565191090106964,0.9250184036176254,0.8947841726618705,0.9420118343195266,0.91779084515162,0.9750967305564638,7.999999797903001e-05,0.9177732111300766,0.2641225004896104,0.8738541819963852,0.9567314737074419,0.968961066927505,0.9250223907865279,0.2576289894643518,0.8946666738656739,0.9421789648562378,0.9747801633824443,0.2503087598076109,0.9252613450914182,0.8914551245453572,0.9503211179531331,0.9199472108137215,0.9762140220182256,0.25762899837485004,0.9250223759575693,0.8946666701408152,0.9421789634444786,0.917808181267986,0.9749888354990897,7.999999797903001e-05
